[
  {
    "id": 42,
    "title": "Cueca para o noivo usar na noite de núpcias",
    "price": 50.0,
    "image": "https://cd.shoppub.com.br/usevolt/media/cache/c3/f8/c3f8ccf515578fc1291a5a3608d364ac.jpg"
  },
  {
    "id": 49,
    "title": "Lingerie sexy para a noite de núpcias",
    "price": 50,
    "image": "https://cdnv2.moovin.com.br/fabricadecalcinhas/imagens/produtos/det/calcola-plus-size-estampada-em-cotton--223b11585b8698cd69a33eaa76c93029.png"
  },
  {
    "id": 43,
    "title": "Ajudinha para a noiva não entrar nervosa na cerimônia",
    "price": 3,
    "image": "https://api.tendaatacado.com.br/fotos/8607.jpg"
  },
  {
    "id": 44,
    "title": "Só pra dizer que não dei nada",
    "price": 1.99,
    "image": "https://e7.pngegg.com/pngimages/806/771/png-clipart-paper-gift-wrapping-box-gift-miscellaneous-blue.png"
  },
  {
    "id": 45,
    "title": "Ajuda de custo na cama para quando o Lucas for visitar o Matheus",
    "price": 200,
    "image": "https://i.imgur.com/Vt9RjSO.png"
  },
  {
    "id": 46,
    "title": "Muito, mas muito Engov para o noivo",
    "price": 11.99,
    "image": "https://img.onofre.com.br/catalog/product/e/n/engov-com-6-comprimidos-1.jpg?width=450&height=450&quality=85&type=resize"
  },
  {
    "id": 47,
    "title": "A camiseta preferida do Noivo",
    "price": 11.99,
    "image": "https://img.elo7.com.br/product/main/2704233/camiseta-minha-esposa-sabe-tudo-camiseta.jpg"
  },
  {
    "id": 48,
    "title": "Kit de controle remotos para não ter briga",
    "price": 35,
    "image": "https://www.promoinfo.com.br/img/anuncios/124114_2.jpg"
  },
  {
    "id": 50,
    "title": "Patrocine a despedida de solteiro do noivo",
    "price": 100,
    "image": "https://i.imgur.com/wXNYjR9.png"
  },
  {
    "id": 70,
    "title": "Patrocine a despedida de solteiro da noiva",
    "price": 70,
    "image": "https://i.pinimg.com/474x/67/b4/68/67b4685afeed3d94a931f37c7f2f5c56.jpg"
  },
  {
    "id": 71,
    "title": "Rolo de macarrão da noiva",
    "price": 40,
    "image": "https://http2.mlstatic.com/D_NQ_NP_885135-MLB44062939245_112020-O.webp"
  },
  {
    "id": 72,
    "title": "Capacete protetor de rolo de macarrão para o noivo",
    "price": 40,
    "image": "https://images-americanas.b2w.io/produtos/01/00/img/1666428/0/1666428003_1GG.jpg"
  },
  {
    "id": 51,
    "title": "Primeiro jantar dos noivos na casa nova",
    "price": 20,
    "image": "https://encrypted-tbn3.gstatic.com/shopping?q=tbn:ANd9GcQ0-kEIHMamKXr-OWhuCG4I_bA7rYl2hs1GJnDA5reZB2oLhEoRJehtgUmmoUP6LmNbpkH-wpL4N8_p4l6LjyTTa5sEkRSV5jgwsdhXx73r57vhrh4z2qqIBg&usqp=CAY"
  },
  {
    "id": 52,
    "title": "Curso de culinária para os noivos",
    "price": 150,
    "image": "https://scontent.fcgh37-1.fna.fbcdn.net/v/t31.0-0/s600x600/25487553_1164569377008786_572672269634774653_o.jpg?_nc_cat=100&ccb=2&_nc_sid=730e14&_nc_ohc=OQQruItnd2AAX9fNOrL&_nc_ht=scontent.fcgh37-1.fna&tp=7&oh=e3f609b1f807be8f39a7a1b9abc5c331&oe=6043E047"
  },
  {
    "id": 53,
    "title": "Ajuda para pagar os cartões de crédito dos noivos",
    "price": 200,
    "image": "https://encrypted-tbn0.gstatic.com/images?q=tbn:ANd9GcSeSlTP5ABPthL-6XrGEilmG8t7AgciTR752A&usqp=CAU"
  },
  {
    "id": 54,
    "title": "Cervejinha para o noivo relaxar",
    "price": 10,
    "image": "https://i.pinimg.com/originals/29/be/91/29be91b9b900727d34510d44b491da39.png"
  },
  {
    "id": 55,
    "title": "Ajudinha para o dia de noiva",
    "price": 60,
    "image": "https://www.makeyouapp.com.br/wp-content/uploads/2018/03/Dia-da-Noiva-em-casa.jpg"
  },
  {
    "id": 56,
    "title": "Ajude a patrocinar  uma viagem de lua de mel dos noivos",
    "price": 100,
    "image": "https://www.embarquenaviagem.com/wp-content/uploads/casal-praia.jpg"
  },
  {
    "id": 57,
    "title": "Gata prenha para o vizinho cuidar, em vez de cuidar da vida dos noivos",
    "price": 30,
    "image": "https://awebic.com/wp-content/uploads/2015/12/10-6.jpg"
  }
]
